timestamp,value
2026-09-01T00:00,1.004
2026-09-01T01:00,1.046
2026-09-01T02:00,0.954
2026-09-01T03:00,1.035
2026-09-01T04:00,1.093
2026-09-01T05:00,1.041
2026-09-01T06:00,1.156
2026-09-01T07:00,0.911
2026-09-01T08:00,1.007
2026-09-01T09:00,0.929
2026-09-01T10:00,0.922
2026-09-01T11:00,0.982
2026-09-01T12:00,1.022
2026-09-01T13:00,1.042
2026-09-01T14:00,1.051
2026-09-01T15:00,1.223
2026-09-01T16:00,1.086
2026-09-01T17:00,0.841
2026-09-01T18:00,1.020
2026-09-01T19:00,0.938
2026-09-01T20:00,0.948
2026-09-01T21:00,1.131
2026-09-01T22:00,0.978
2026-09-01T23:00,0.805
2026-09-02T00:00,1.031
2026-09-02T01:00,0.971
2026-09-02T02:00,0.883
2026-09-02T03:00,0.908
2026-09-02T04:00,0.937
2026-09-02T05:00,0.998
2026-09-03T00:00,1.02
2026-09-03T01:00,0.97
2026-09-03T02:00,1.25
2026-09-03T03:00,1.28
2026-09-03T04:00,1.31
